Nische,Pinterest-Titel,Pinterest-Beschreibung,Keywords
parfum-damen,Parfum Damen – Die besten Düfte für Frauen,"Dior J'adore, Chanel No. 5, Hermès Terre d'Hermès und mehr – entdecke die besten Parfum-Damen auf Amazon.","Parfum Damen, Damenparfum, Dior, Chanel, Hermès, Parfum für Frauen, Parfum kaufen Amazon"
parfum-herren,Parfum Herren – Die besten Düfte für Männer,"Dior Sauvage, Acqua di Gio, Bleu de Chanel – die besten Parfum-Herren-Modelle auf Amazon.","Parfum Herren, Herrenparfum, Dior Sauvage, Acqua di Gio, Bleu de Chanel, Parfum für Männer"
haushaltshelfer,Haushaltshelfer – Sauberes Zuhause leicht gemacht,"Staubsauger, Reinigungsmittel, Aufbewahrung – die besten Haushaltshelfer auf Amazon.","Haushaltshelfer, Haushaltsgeräte, Staubsauger, Reinigungsmittel, Aufbewahrung"
smart-home,Smart Home – Intelligentes Zuhause,"TP-Link Tapo, Philips Hue, Amazon Echo – die besten Smart-Home-Geräte auf Amazon.","Smart Home, Smart Home Geräte, TP-Link Tapo, Philips Hue, Amazon Echo Dot, Hausautomation"
diy,DIY & Basteln – Kreative Projekte,"Werkzeug, Holzbearbeitung, Nähen – die besten DIY-Produkte auf Amazon.","DIY, Basteln, Werkzeug, Holzbearbeitung, Nähen, Modellbau, Bastelmaterial"
wellness,Wellness & Entspannung – Wohlbefinden,"Massagen, Dampfbad, Aromatherapie – die besten Wellness-Produkte auf Amazon.","Wellness, Entspannung, Massagen, Dampfbad, Aromatherapie, Yoga, Meditation"
geschenke,Geschenke – Die besten Ideen für jede Gelegenheit,"Parfum, Schmuck, Bücher, Spielzeug – die besten Geschenkideen auf Amazon.","Geschenke, Geschenkideen, Geschenke kaufen Amazon, Valentinsgeschenk, Geburtstagsgeschenk"
balkon-garten,Balkon & Garten – Grüne Oasen,"Pflanzgefäße, Gartenwerkzeug, Balkonmöbel – die besten Balkon- und Gartenprodukte.","Balkon, Garten, Balkonpflanzen, Gartenwerkzeug, Blumenztopfen, Pflanzgefäße"
kuechenorganisation,Küchenorganisation – Strukturierte Küche,"Aufbewahrung, Dosen, Gewürzregale – die besten Küchenorganisations-Produkte auf Amazon.","Küchenorganisation, Küchenaufbewahrung, Dosen, Gewürzregal, Spültasche, Küchenutensilien"
lego,LEGO – Die besten Sets für Spieler,"LEGO City, LEGO Friends, LEGO Technic – die besten LEGO-Sets auf Amazon.","LEGO, LEGO Sets, LEGO City, LEGO Friends, LEGO Technic, LEGO Creator, LEGO kaufen Amazon"
bestseller,Bestseller – Die beliebtesten Produkte auf Amazon,Aktuelle Amazon-Bestseller – die beliebtesten Produkte mit Bestpreisen.,"Amazon Bestseller, Bestseller Produkte, beliebteste Produkte Amazon, Bestseller Parfum"
beauty-pflege,Beauty & Pflege – Für strahlende Schönheit,"Hautpflege, Make-up, Lippenpflege – die besten Beauty- und Pflegeprodukte auf Amazon.","Beauty, Pflege, Hautpflege, Make-up, Lippenpflege, Haarpflege, Amazon Beauty"
nachhaltige-haushaltsprodukte,Nachhaltige Haushaltsprodukte – Öko Zuhause,"ECO-Küchenutensilien, Bambus-Produkte, Shampoo-Bars – nachhaltige Produkte auf Amazon.","Nachhaltige Haushaltsprodukte, ECO Produkte, umweltbewusste Haushaltsartikel, Bambus"
home-office-organisation,Home-Office-Organisation – Produktivität,"Schreibtischorganisatoren, Monitor-Ständer, Kabelmanagement – Home-Office-Produkte auf Amazon.","Home Office, Büroorganisation, Schreibtischorganisator, Monitor-Ständer, Kabelmanagement"
hundebedarf-damen,Hundefutter & Hundezubehör – Für glückliche Hunde,"Hundefutter, Hundeleinen, Hundespielzeug – die besten Hundeprodukte auf Amazon.","Hundefutter, Hundezubehör, Hundefutter kaufen Amazon, Hundeleine, Hundehalsband"
katzenbedarf-edel,Katzenbedarf Premium – Für katzenliebende Menschen,"Katzenfutter, Katzenspielzeug, Katzenhölzchen – die besten Katzenprodukte auf Amazon.","Katzenbedarf, Katzenfutter, Katzenspielzeug, Katzenhölzchen, zufriedene Katzen"
garten-balkon-saisonal,Garten & Balkon Saisonal – Für jede Jahreszeit,"Frühjahrspflanzen, Sommerblumen, Herbstdekoration – saisonale Produkte auf Amazon.","Garten, Balkon, Frühjahrspflanzen, Sommerblumen, Herbstdekoration, saisonale Gartenplanung"
baby-kindersicherheit,Baby & Kindersicherheit – Sicherheit für die Kleinsten,"Babyphone, Kindersicherungen, Schrankriegel – Sicherheitsprodukte auf Amazon.","Baby, Kindersicherheit, Babyphone, Kindersicherungen, Schrankriegel, sicheres Spielen"
fitness-uebung-zuhause,Fitness & Übung zu Hause – Effektives Training,"Fitnessbänder, Hanteln, Yoga-Matten – Fitness-Produkte für zu Hause.","Fitness, Übung zu Hause, Fitnessbänder, Hanteln, Yoga Matte, Springseil, Home Workout"
kurzhaar-pflege-damen,Kurzhaar-Pflege für Damen – Moderne Haare,"Haarschnell, Haargümme, Haarspray – Kurzhaar-Pflegeprodukte für Damen.","Kurzhaar-Pflege, Kurzhaar-Pflege Damen, Haarschnell, Haargümme, Haarspray, Kurzhaar-Styling"
maedchenzimmer-aktuell,Mädchenzimmer aktuell – Modernes Zimmer,"Bettwäsche, Deko, Poster, Lampen – Mädchenzimmer-Produkte auf Amazon.","Mädchenzimmer, Mädchenzimmer aktuell, Bettwäsche, Bettdeckchen, Deko, Poster, Lampen"
reiseausruestung-leicht,Reiseausrüstung leicht – Für erholsame Reisen,"Reisegepäck, Reisewaschmaschine, Koffer – Reiseausrüstung-Produkte auf Amazon.","Reiseausrüstung, Reisegepäck, Reisewaschmaschine, Reise-Set, Koffer, Reise-Case"
tattoo-vorrichtungen,Tattoo-Vorrichtungen – Kreative Tattoos,"Tattoo-Nadeln, Tattoo-Farben, Tattoo-Maschinen – Tattoo-Vorrichtungen auf Amazon.","Tattoo, Tattoo-Vorrichtungen, Tattoo-Nadeln, Tattoo-Farben, Tattoo-Ausrüstung, Tattoo-Maschinen"
babywelt,Babywelt – Das Beste für deine Kleinsten,"Babyphone, Babybox, Babybadewanne – Babyprodukte auf Amazon.","Babywelt, Baby-Produkte, Babyphone, Babybox, Babybadewanne, Baby-Erstausstattung"
hundehaltung,Hundehaltung – Für glückliche Hunde,"Hundebett, Hundeleine, Hundehalsband – Hundehaltung-Produkte auf Amazon.","Hundehaltung, Hundehaltung Produkte, Hundebett, Hundeleine, Hundehalsband, Hundehaustiere"
spa-beauty-erlebnis,Spa & Beauty-Erlebnis – Wohltuendes Erlebnis,"Gesichtsmasken, Dampfbad, Dampfgenerator – Spa- und Beauty-Erlebnis-Produkte.","Spa, Beauty-Erlebnis, Gesichtsmasken, Dampfbad, Dampfgenerator, Body-Care, Wellness-Sets"
handy-zubehoer,Handy-Zubehör – Für optimale Nutzung,"Handyhüllen, Handy-Ladegeräte, Handy-Kabel – Handy-Zubehör-Produkte på Amazon.","Handy-Zubehör, Handyhüllen, Handy-Case, Handy-Ladegeräte, Handy-Kabel, Handy-Halterung"
yoga-meditation,Yoga & Meditation – Für M balances,"Yoga-Matten, Yoga-Blöcke, Meditation-Kissen – Yoga- und Meditation-Produkte.","Yoga, Meditation, Yoga Matte, Yoga Blöcke, Yoga Gurt, Meditation Kissen, Yoga Set"
outdoor-abenteuer,Outdoor-Abenteuer – Abenteuer im Freien,"Zelte, Schlafsäcke, Taschenlampen – Outdoor-Produkte auf Amazon.","Outdoor, Outdoor-Abenteuer, Zelte, Schlafsäcke, Taschenlampen, Outdoor-Kleidung, Camping"
fotos-kamera,Fotos & Kamera – Perfekte Bilder,"Kameras, Objektive, Kamera-Taschen – Fotos- und Kamera-Produkte auf Amazon.","Fotos, Kamera, Kameras, Objektive, Kamera-Taschen, Kamera-Monopod, Fotografie"
pflanzen-terrarien,Pflanzen & Terrarien – Grüne Oasen,"Pflanzen, Blumenztopfen, Terrarien – Pflanzen- und Terrarium-Produkte.","Pflanzen, Terrarien, Blumenztopfen, Terrarium-Set, Pflanzgefäße, Blumenerde, Zimmerpflanzen"
wohnen-traumumfeld,Wohnen & Traumumfeld – Dein Wunschzuhause,"Möbel, Lampen, Deko, Teppiche – Wohnen- und Traumumfeld-Produkte auf Amazon.","Wohnen, Traumumfeld, Wohnen Produkte, Möbel, Lampen, Deko, Teppiche, Vorhänge"
Blog: Parfum-Kulturen der Welt,Parfum-Kulturen der Welt: Wie Düfte unsere Geschichte prägen,Vom Ägyptischen Reich bis heute – eine Reise durch die Düftkultur. Mit konkreten Parfüm-Empfehlungen auf Amazon.,"Parfum Geschichte, Parfum Kulturen, Parfum Welt, Parfum Ägypten, Parfum Rom, Parfum Arabien"
Blog: Smart Home Zukunft,Smart Home der Zukunft: Wo die Reise hingehen wird,"KI, Energie, Gesundheit – ein Blick in die Zukunft von Smart Home.","Smart Home Zukunft, Smart Home Trends, Smart Home 2024, Smart Home Entwicklung, Smart Home KI"
Blog: LEGO Psychologie,Warum LEGO so erfolgreich ist: Die Psychologie hinter den Steinen,"Ein Blick hinter die Kulissen von LEGO – für Kinder, Erwachsene und Sammler.","LEGO Erfolg, LEGO Psychologie, LEGO Spiel, LEGO Erwachsene, LEGO Marke, LEGO Erfolgreich"
Blog: Beauty Routinen Damen,"Beauty-Routinen für Damen – Einfach, effektiv, moderner Stil",Eine einfache Beauty-Routine für den Alltag mit konkreten Produktempfehlungen.,"Beauty Routine, Hautpflege Damen, Make-up Tipps, Lippenpflege, Beauty Produkte, Schönheit"
Blog: Hundehaltung Anfänger,Hundehaltung für Anfänger – Die wichtigsten Tipps,Praktischer Guide für Hundneulinge mit Produktempfehlungen auf Amazon.,"Hundehaltung, Hund Anfänger, Hund Tipps, Hund erziehen, Hund Futter, Hund Spielzeug"
Blog: Naturkosmetik Lebensmittel,Naturkosmetik & Lebensmittel – Die besten Alternativen,Was du beachten solltest – mit konkreten Alternativen für Naturkosmetik und gesunde Lebensmittel.,"Naturkosmetik, Bio Kosmetik, gesunde Lebensmittel, nachhaltig, umweltfreundlich"
Blog: Garten Balkon Anfänger,Garten & Balkon für Anfänger – Alles was du brauchst,Du willst deinen Balkon oder Garten grüner machen? Alles was du brauchst.,"Garten Anfänger, Balkon grün, Pflanzen für Anfänger, Garten Zubehör, Balkon Gestaltung"
Blog: Fitness Zuhause,Fitness zu Hause – Effektiv ohne Studio,"Du willst fit werden, ohne das Studio zu verlassen? Effektives Training mit einfachen Mitteln.","Fitness zu Hause, Training zu Hause, Home Workout, ohne Studio, Fit werden, Training Tipps"
